<?xml version="1.0" encoding="utf-8"?>
<TextureAtlas imagePath="crafty.png">
	<!-- Created using the Spritesheet and XML generator -->
	<!-- https://uncertainprod.github.io/FNF-Spritesheet-XML-generator-Web -->
	<SubTexture name="crafty0000" x="0" y="3700" width="1300" height="740" frameX="-526" frameY="-341" frameWidth="1280" frameHeight="720"/>
	<SubTexture name="crafty0001" x="3900" y="740" width="1300" height="740" frameX="-526" frameY="-341" frameWidth="1280" frameHeight="720"/>
	<SubTexture name="crafty0002" x="0" y="2960" width="1300" height="740" frameX="-527" frameY="-342" frameWidth="1280" frameHeight="720"/>
	<SubTexture name="crafty0003" x="3900" y="2960" width="1300" height="740" frameX="-530" frameY="-342" frameWidth="1280" frameHeight="720"/>
	<SubTexture name="crafty0004" x="1300" y="2960" width="1300" height="740" frameX="-534" frameY="-342" frameWidth="1280" frameHeight="720"/>
	<SubTexture name="crafty0005" x="3900" y="0" width="1300" height="740" frameX="-541" frameY="-343" frameWidth="1280" frameHeight="720"/>
	<SubTexture name="crafty0006" x="0" y="740" width="1300" height="740" frameX="-549" frameY="-343" frameWidth="1280" frameHeight="720"/>
	<SubTexture name="crafty0007" x="0" y="1480" width="1300" height="740" frameX="-552" frameY="-343" frameWidth="1280" frameHeight="720"/>
	<SubTexture name="crafty0008" x="2600" y="2960" width="1300" height="740" frameX="-544" frameY="-342" frameWidth="1280" frameHeight="720"/>
	<SubTexture name="crafty0009" x="1300" y="2220" width="1300" height="740" frameX="-538" frameY="-342" frameWidth="1280" frameHeight="720"/>
	<SubTexture name="crafty0010" x="3900" y="1480" width="1300" height="740" frameX="-533" frameY="-342" frameWidth="1280" frameHeight="720"/>
	<SubTexture name="crafty0011" x="1300" y="1480" width="1300" height="740" frameX="-529" frameY="-341" frameWidth="1280" frameHeight="720"/>
	<SubTexture name="crafty0012" x="2600" y="2220" width="1300" height="740" frameX="-526" frameY="-341" frameWidth="1280" frameHeight="720"/>
	<SubTexture name="crafty0013" x="3900" y="2220" width="1300" height="740" frameX="-526" frameY="-341" frameWidth="1280" frameHeight="720"/>
	<SubTexture name="crafty0014" x="2600" y="0" width="1300" height="740" frameX="-527" frameY="-342" frameWidth="1280" frameHeight="720"/>
	<SubTexture name="crafty0015" x="0" y="0" width="1300" height="740" frameX="-530" frameY="-342" frameWidth="1280" frameHeight="720"/>
	<SubTexture name="crafty0016" x="1300" y="740" width="1300" height="740" frameX="-534" frameY="-342" frameWidth="1280" frameHeight="720"/>
	<SubTexture name="crafty0017" x="0" y="2220" width="1300" height="740" frameX="-541" frameY="-343" frameWidth="1280" frameHeight="720"/>
	<SubTexture name="crafty0018" x="2600" y="3700" width="1300" height="740" frameX="-549" frameY="-343" frameWidth="1280" frameHeight="720"/>
	<SubTexture name="crafty0019" x="1300" y="0" width="1300" height="740" frameX="-552" frameY="-343" frameWidth="1280" frameHeight="720"/>
	<SubTexture name="crafty0020" x="1300" y="3700" width="1300" height="740" frameX="-544" frameY="-342" frameWidth="1280" frameHeight="720"/>
	<SubTexture name="crafty0021" x="2600" y="740" width="1300" height="740" frameX="-538" frameY="-342" frameWidth="1280" frameHeight="720"/>
	<SubTexture name="crafty0022" x="2600" y="1480" width="1300" height="740" frameX="-533" frameY="-342" frameWidth="1280" frameHeight="720"/>
	<SubTexture name="crafty0023" x="3900" y="3700" width="1300" height="740" frameX="-529" frameY="-341" frameWidth="1280" frameHeight="720"/>
	<SubTexture name="crafty0024" x="0" y="4440" width="1300" height="740" frameX="-526" frameY="-341" frameWidth="1280" frameHeight="720"/>
</TextureAtlas>